کلر بلائنڈ موڈ ان کرو,enable_color_blindness
میں کلر بلائنڈ ہوں,enable_color_blindness
مجھے کلر صحیح سے نظر نہیں ارہے,enable_color_blindness
مجھے کلر دیکھنے میں مشکل ہو رہی ہے,enable_color_blindness
مجھے کلر دیکھنے میں دقت ہو رہی ہے,enable_color_blindness
مجھے رنگوں کی بیماری ہے,enable_color_blindness
مجھے رنگ خراب نظر ارہے ہیں,enable_color_blindness
مجھے رنگ سے ہی نظر نہیں ارہے,enable_color_blindness
میرے لیے کلر بلائنڈ موڈ کو ان کر دو,enable_color_blindness
کلر بلائنڈ کی سیٹنگ کو ان کر دو,enable_color_blindness
کلر بلائنڈ موڈ انیبل کر دو,enable_color_blindness
رنگوں کی بیماری والا موڈ انیبل کر دو,enable_color_blindness
مجھے رنگوں کی پہچان میں مشکل ہوتی ہے,enable_color_blindness
مجھے کچھ رنگ سے ہی سے دکھائی نہیں دے رہے,enable_color_blindness
مجھے رنگو کا فرق سمجھنے میں مشکل ہو رہی ہے,enable_color_blindness
میری رنگوں کی پہچان کمزور ہے,enable_color_blindness
میں کچھ خاص رنگ دیکھنے سے قاصر ہوں,enable_color_blindness
مجھے رنگوں کی کمی کا مسئلہ ہے,enable_color_blindness
میں سارے رنگ نہیں دیکھ سکتا,enable_color_blindness
میری کلرز کی پہچان کمزور ہے,enable_color_blindness
مجھے کچھ کلر صحیح سے نظر نہیں ارہے,enable_color_blindness
میں سارے کلرز نہیں دیکھ سکتا,enable_color_blindness
مجھے کچھ رنگ اپس میں ملتے جلتے نظر ارہے ہیں,enable_color_blindness
مجھے رنگ نظر نہیں ارہے,enable_color_blindness
مجھے کلرز نظر نہیں ارہے,enable_color_blindness
مجھے رنگوں کی بیماری ہے,enable_color_blindness
مجھے رنگ ٹھیک نظر نہیں آتے,enable_color_blindness
مجھے رنگ صحیح نظر نہیں آ رہے,enable_color_blindness
مجھے سارے رنگ صحیح سے نظر نہیں آ رہے,enable_color_blindness
مجھے کلر بلائنڈ موڈ چاہیے,enable_color_blindness
کلر بلائنڈ موڈ ان مت کرو,negation
میرے لیے کلر بلائنڈ موڈ کو ان مت کرو,negation
کلر بلائنڈ کی سیٹنگ کو ان مت کرو,negation
کلر بلائنڈ موڈ انیبل مت کرو,negation
رنگوں کی بیماری والا موڈ انیبل مت کرو,negation
مجھے رنگوں کی کوئی بیماری نہیں ہے,disable_color_blindness
مجھے رنگ دیکھنے میں کوئی مسئلہ نہیں,disable_color_blindness
مجھے رنگوں کی پہچان میں کوئی مشکل نہیں ہوتی,disable_color_blindness
مجھے رنگوں کا فرق سمجھنے میں کوئی مشکل نہیں ہو رہی,disable_color_blindness
میری رنگوں کی پہچان ٹھیک ہے,disable_color_blindness
میں تمام رنگ صحیح دیکھ سکتا ہوں,disable_color_blindness
مجھے رنگوں کی کمی کا کوئی مسئلہ نہیں ہے,disable_color_blindness
میں سارے رنگ دیکھ سکتا ہوں,disable_color_blindness
میری کلرز کی پہچان ٹھیک ہے,disable_color_blindness
میں تمام کلرز دیکھ سکتا ہوں,disable_color_blindness
میں کلر بلائنڈ نہیں ہوں,disable_color_blindness
کلر بلائنڈ موڈ اف کرو,disable_color_blindness
مجھے رنگوں کی بیماری نہیں ہے,disable_color_blindness
مجھے رنگ ٹھیک نظر اتے ہیں,disable_color_blindness
مجھے رنگ سے ہی نظر اتے ہیں,disable_color_blindness
کلر بلائنڈ موڈ ڈسیبل کر دو,disable_color_blindness
رنگوں کی بیماری والا موڈ ڈسیبل کر دو,disable_color_blindness
مجھے سارے رنگ سے ہی نظر اتے ہیں,disable_color_blindness
میں سارے رنگ دیکھ سکتا ہوں,disable_color_blindness
کلر بلائنڈ موڈ کی سیٹنگ اف کر دو,disable_color_blindness
میرے لیے کلر بلائنڈ موڈ کو اف کر دو,disable_color_blindness
کلر بلائنڈ سیٹنگ کو بند کر دو,disable_color_blindness
کلر بلائنڈ موڈ بند کر دو,disable_color_blindness
کلر بلائنڈ موڈ نہیں چاہیے,disable_color_blindness
کلر بلائنڈ موڈ اف مت کرو,negation
کلر بلائنڈ موڈ ڈسیبل مت کرو,negation
رنگوں کی بیماری والا موڈ ڈسیبل مت کرو,negation
کلر بلائنڈ موڈ کی سیٹنگ اف مت کرو,negation
میرے لیے کلر بلائنڈ موڈ کو اف مت کرو,negation
کلر بلائنڈ سیٹنگ کو بند مت کرو,negation
کلر بلائنڈ موڈ بند مت کرو,negation
